Day,virtualCash,virtualStockValue
0,150000.0,0.0
1,137112.57,12887.430000000004
2,124225.14000000019,25774.860000000008
